prompt,completion
"AGREEMENT BETWEEN THE CITY OF EL CAJON AND Home Start , Inc . THIS AGREEMENT is made and entered into thiso2M day of -- - ' 2020 , by and between the CITY OF EL CAJON , a charter city and municipal corporation , hereinaf referred to as `` City , '' and Home Start , Inc. , a nonprofit organization under the laws of the State of California , hereinafter referred to as `` Subrecipient '' ; WHEREAS , there exists a need within the City of El Cajon to provide a variety of services , including housing , recreational , educational , and child care services and developmental programs [ Note : We should probably expand this list of examples to reflect the COVID-19 grant uses ] ; and WHEREAS , the Subrecipient has expressed a desire and has the expertise and experience to operate the program entitled `` Motel Voucher Program '' in El Cajon ; and WHEREAS , the City has entered into a contract with the United States of America through its Department of Housing and Urban Development , hereinafter called HUD , to execute the City 's Community Development Block Grant , hereinafter called CDBG , program under the Housing and Community Development Act of 1974 , as amended , hereinafter called the `` Act '' ; and WHEREAS , the City anticipates receiving one-time Cares Act Community Development Block Grant ( `` CDBG-CV '' ) entitlement grant funds from HUD for FY 2019-20 in the amount of $ 802,656 , which is intended to be used to prevent , prepare for , and respond to the impacts of the coronavirus on residents through efforts such as the Motel Voucher Program . 1 . 2 . NOW , THEREFORE , IT IS HEREBY MUTUALLY AGREED by and between the parties hereto as follows : City Review : The City reserves the right to review and approve actions and decisions taken by the Subrecipient with respect to the operation of the Motel Voucher Program for compliance with all applicable regulations . Subrecipient Status : The City recognizes the Subrecipient as an independent nonprofit organization and agrees to cooperate in protecting its image as a politically neutral organization . 3 . Service Area : The Service area is City-wide in the City of El Cajon . 4 . Scope of Services : The Subrecipient shall perform all services described in the project description and . Scope of Work and Budget set forth as Exhibit `` A '' to this Agreement , a copy of which is attached hereto and incorporated herein by this reference . 5 . Time of Performance : 6 . 7 . Said services of the Subrecipient are to commence no sooner than May 13 , 2020 and shall be completed no later than June 30 , 2021 . Compensation and Method of Payment : The City shall reimburse the Subrecipient for allowable costs incurred under the scope of the Agreement and applicable Federal regulations , which have not been paid for or reimbursed in any other manner by any other Agency or private source of funding . The total of all reimbursements shall not exceed Forty Five Thousand Dollars and no/100s dollars ( $ 45,000 ) . Compliance with Laws and Assurances : The Subrecipient hereby assures and certifies that it has complied with and will continue to comply with the Housing and Community Development Act of 197 4 , hereinafter called the Act , and all current and future applicable federal , state , and local laws , ordinances , regulations , policies , guidelines , and requirements as they relate to acceptance and use of Federal funds for this federally assisted program . This Agreement is subject to all such laws , ordinances , regulations , policies , guidelines , and requirements including without limitation , the Act , Title 2 , Code of Federal Regulations , Part 200 ; Title 24 , Code of Federal Regulations , Part 570 ; Title 29 Code of Federal Regulations , Parts 3 and 5 ; Title 24 Code of Federal Regulations Part 70 and Public Law 87-581 . 1 8 . Records Retention : 9 . 10 . The Subrecipient shall maintain and retain all financial records , supporting documents , statistical records and all other records pertaining to the use of the funds provided under this Agreement for a period of four ( 4 ) years at a minimum , and in the event of litigation , claim or audit , the records shall be retained until all litigation , claims , and audit findings involving the records have been fully resolved . Records for nonexpendable property acquired with Federal funds provided under this Agreement shall be retained for four ( 4 ) years after the final disposition of such property . Monitoring : The City will conduct periodic program monitoring reviews . These reviews will focus on the extent to which the planned program has been implemented , measurable goals achieved , effectiveness of program management , and impact of the program . Authorized representatives of the City and HUD shall have the right of access to all activities and facilities operated by the Subrecipient under this Agreement . Facilities include all files , records , and other documents related to the performance of this Agreement . Activities include attendance at staff , board of directors , advisory committee , and advisory board meetings and inspection by City and HUD representatives , and to ensure that its employees and board members furnish such information , as in the judgment of City and HUD representatives , may be relevant to the question of compliance with contractual conditions and HUD directives , or the effectiveness , legality and achievements of the program . Program Reporting : The Subrecipient agrees to prepare and submit financial , program progress , evaluations , and other reports as required by HUD or the City . The Subrecipient shall maintain such program , property , personnel , financial and other records and accounts as are considered necessary by HUD or the City to assure proper accounting for all Contract funds . Sub-recipient shall submit all financial requirements in Exhibit `` B '' ( Request for Payment forms ) . All of the Subrecipient 's records , with the exception of confidential client information , shall be made available to representatives of the City and the appropriate Federal agencies . The Subrecipient is required to submit data necessary to complete the Annual Subrecipient Performance Report and other federal documents in accordance with HUD regulations and in the format and at the time designated by the City . Subrecipient shall submit a Periodic Performance Report ( Exhibit `` C '' ) for the reporting period ( may be either monthly or quarterly , as agreed to with the City at time of contract execution ) by the 10th day of the month following the reporting period . The reports shall include the following information : A . Number of individual clients served ( individual client may be a person or a household ) B . Race of clients served C. Ethnicity of clients served ( Hispanic , yes or no - a person may be of any race and be Hispanic ) D. Number of disabled clients served ( as defined by the Social Security Administrative Guidelines ) E. Whether or not the head of the household is female F. Number of clients who are low income ( per HUD guidelines ) G. Whether or not the client is an El Cajon resident . H. Number of new clients assisted . In addition , a brief narrative must accompany the report ( Exhibit `` C-2 '' ) . The narrative should include ( but is not limited to ) the following : A. Outreach methods used ; B . Number and disposition of complaints received ; and C. Progress made toward goals as evidenced in Exhibit `` A '' , or an explanation of lack thereof . D. Any other accomplishments or problems/concerns the Agency wishes to report . 2 11 . Accounting : The Subrecipient must establish and maintain on a current basis , an adequate accrual and accounting system in accordance with generally accepted accounting principles and standards . The City , the Federal Grantor Agency , the Comptroller General of the United States , or any of their duly-authorized representatives , shall have access to any books , documents , papers and records of the Subrecipient which directly pertain to the above project for the purpose of audit , examination , excerpts and transcriptions . 12 . Audits : The Subrecipient is required to arrange for an independent financial and compliance audit annually for each fiscal year Federal funds are received under this contract . Audits must be in compliance with 2 CFR Part 200 , Subpart F. ( Exhibit `` F '' ) . An

###

","Grantor: City of El Cajon
Grantee: Home Start
Program: Motel Voucher Program 
Start: 05/13/20
Stop: 6/30/21
Amount: 145000
Funding Source: CDBG-CV"
"STANDARD AGREEMENT FOR PROFESSIONAL SERVICES BETWEEN THE CITY OF LA MESA AND HOME START , INC. FOR ADMINISTRATIVE SERVICES FOR THE LA MESA RENTAL ASSISTANCE GRANT PROGRAM This Agreement is entered into by City of La Mesa as ofthis ] .day of ) RJer\.A , ( , 2020 , by and between the City of La Mesa , a municipal corporation , hereinafter referred to as `` the City '' , and Home Start , Inc. , hereinafter referred to as `` Contractor . '' WITNESSETH THAT : WHEREAS , the City has adopted Resolution No . 2020-083 ; WHEREAS , the City has need for professional services for Contractor to perform administrative services for the La Mesa Rental Assistance Grant Program and is willing to compensate Contractor for such services ; WHEREAS , the City desires to engage Contractor to render certain technical and professional services in the providing of said professional services ; and WHEREAS , Contractor is qualified to provide said professional services for administration of the La Mesa Rental Assistance Grant Program ; NOW THEREFORE , the parties do mutually agree as follows : SECTION 1 : ENGAGEMENT OF CONTRACTOR The City hereby agrees to engage Contractor and Contractor hereby agrees to perform the services set forth in this Agreement . The term of the Agreement shall be for a period of twelve ( 12 ) months subsequent to the date of execution of this Agreement . The Agreement may be renewed for an additional six ( 6 ) month term by mutual written consent of both parties . The City Manager shall have sole and exclusive right to exercise any options contained in this Agreement on behalf of the City . SECTION 2 : SERVICES TO BE PERFORMED BY CONTRACTOR Contractor shall commence performance of the Project upon execution of this Agreement by both parties . The term `` Project '' as used in this Agreement shall include all of the tasks and items listed and described in Exhibit `` A '' -Scope of Services , attached hereto and incorporated herein as part of this Agreement . SECTION 3 : KEY PROJECT PERSONNEL Contractor agrees to provide the services of Home Start , Inc. staff employed and located at 5005 Texas Street , Suite 203 , San Diego , CA 92108 . This location shall serve as Contractor 's main San Diego Office for the full term of this Agreement . The City reserves the right to request specific qualifications for key personnel under this section . I SECTION 4 : CONTRACTORS Contractor will utilize the services of the following subcontractors during the course of this study : None Payment for such services shall be the responsibility of the Contractor . No substitution of proposed subcontractors shall be made without prior written approval by the City . SECTION 5 : CITY REPRESENTATION Carlo Tomaino , Assistant City Manager in the City Manager 's Office for the City of La Mesa , or its designated representative , shall represent the City in all matters pertaining to the services rendered pursuant to this Agreement and shall administer said Agreement on behalf of the City . This person shall hereinafter be referred to as the `` City 's Representative . '' SECTION 6 : RESPONSIBILITIES OF THE CITY The City will provide the Contractor , or cause to be provided with , the following documents and services at no charge to the Contractor . A . Any and all known documents and files containing all necessary information pertaining to the La Mesa Rental Assistance Grant Program for the purpose of assisting Contractor in the performance of all tasks and items listed and described in Exhibit `` A '' -Scope of Services attached hereto and incorporated herein as part of this Agreement . SECTION 7 : PERFORMANCE SCHEDULE Both Contractor and the City recognize that time is of the essence in the completion of this work . Accordingly , the Contractor shall complete all of the work outlined in Exhibit `` A '' and described in this Agreement in accordance with the Scope of Services set forth in Exhibit `` A '' attached hereto and incorporated herein as part of this Agreement . The Contractor shall not be responsible for damages or be in default or deemed to be in default by reason of strikes , lockouts , accidents , or acts of God , or failure of City to furnish timely information or to approve or disapprove Contractor 's work promptly , or delay or faulty performance by City , or governmental agencies . In the event of a conflict between this Agreement and any documents incorporated by reference in this Agreement , the terms and conditions of this Agreement shall supersede those contained in any such document incorporated by reference . SECTION 8 : COMPENSATION TO CONTRACTOR City shall compensate Contractor in the amount of Seventy Five Thousand Dollars and Zero Cents ( $ 75,000.00 ) for the services performed as outlined in Exhibit `` B '' -Cost Proposal attached hereto and incorporated herein as part of this Agreement . SECTION 9 : RECORDS Contractor shall maintain adequate records to permit inspection audit of Contractor 's time-and-material charges under this Agreement . Contractor shall make such records available to the City and to other public agencies responsible for approval , funding or auditing the project , during normal business hours upon reasonable notice . Nothing herein shall convert such records into public records and they will be available only to the City or to public agencies involved with approval , funding or audit functions . Such records shall be maintained by the Contractor for three ( 3 ) years following completion of the work under this Agreement . SECTION 10 : METHOD OF COMPENSATION The City shall compensate Contractor for the services performed hereunder within thirty ( 30 ) calendar days of receipt of Contractor 's invoice for the services performed . The Contractor shall provide documentation on said invoice regarding time , materials , and labor that is sufficient to meet normal auditing practice . The City shall promptly review invoicing and notify Contractor of any objection thereto in writing within fifteen ( 15 ) days of receipt of the invoice ; absent such objection the invoice shall be deemed proper and acceptable . In the event that any undisputed invoice is not paid within thirty ( 30 ) calendar days after receipt of the invoice by the City , it shall commence bearing interest on the date that the invoice was rendered at the rate of 1 % per month and the City agrees to pay all accrued interest , together with the charges for services rendered . SECTION 11 : ITEMS TO BE DELIVERED TO CITY The items to be delivered by the Contractor to the City are as described in Exhibit `` A '' -Scope of Services attached hereto and incorporated herein as part of the Agreement . SECTION 12 : DESIGN CHANGES OR REVISIONS No design changes or revisions will be required and no payment therefor will be made except pursuant to the provisions of this Agreement . No extra compensation shall be paid the Contractor for revisions required by reason of omissions or errors by the Contractor in the preparation of the original document , plans , working drawings , or specifications . Changes to the scope of this Agreement shall be negotiated prior to commencement of extra work . SECTION 13 : HOLD HARMLESS To the furthest extent allowed by law , Contractor shall indemnify , hold harmless and defend City and each of its elected officials , officers , officials , employees , agents and volunteers from any and all loss , liability , fines , penalties , forfeitures , costs and damages ( whether in contract , tort or strict liability , including but not limited to personal injury , death at any time and property damage ) , incurred by City , Contractor or any other person , and from any and all claims , demands and actions in law or equity ( including reasonable attorney 's fees and litigation expenses ) , arising or alleged to have arisen directly or indirectly out of performance of this Contract . Contractor 's obligations under the preceding sentence shall apply regardless of whether City or any of its elected officials , officers , officials , employees , agents or volunteers are passively negligent , but shall not apply to any loss , liability , fines , penalties , forfeitures , costs or damages caused by the active or sole negligence , or the willful misconduct , of City or any of its elected officials , officers , officials , employees , agents or volunteers . If Contractor should subcontract all or any portion of the services to be performed under this Agreement , Contractor shall require each subcontractor to indemnify , hold harmless and defend City and each of

###

","Grantor: City of La Mesa
Grantee: Home Start
Program: Rental Assistance 
Start: 09/02/20
Stop: 09/09/21
Amount: 75000
Funding Source: nan"
"' GRANT AGREEMENT BETWEEN THE EL CAJON HOUSING AUTHORITY AND HOME START , INC. FOR THE PROVISION OF SERVICES FOR THE HOMELESS 11 se tlliiU.AGREEMENT ( the `` Agreement '' ) is made and entered into this ___ day of p _______ , 2020 , by and between the EL CAJON HOUSING AUTHORITY , a public body corporate and politic , ( the `` Housing Authority '' ) , and HOME START , INC. , a nonprofit corporation organized under the laws of the State of California ( the `` Grant Recipient '' ) . RECITALS WHEREAS , California Health & Safety Code section 34176.1 ( 2 ) allows the expenditure of Low and Moderate Income Housing Asset Funds ( `` LMIHAF '' ) for homeless prevention and rapid rehousing services for individuals and families who are homeless , including housing relocation and stabilization services and rental assistance , among other things . WHEREAS , on June 23 , 2020 , the City Council approved the FY 2020-21 budget appropriation for the use of LMIHAF Funds for homeless prevention and rapid re-housing programs . WHEREAS , on July 14 , 2020 , the City Council of the City of El Cajon and the El Cajon Housing Authority considered and approved entering into a grant agreement with Grant Recipient for the provision of services for homeless individuals and families , in the total amount of TWO HUNDRED THOUSAND DOLLARS ( $ 200,000.00 ) for a El Cajon Homeless Outreach Program , including a dedicated Homeless Outreach Specialist and additional Flexible Housing Assistance incentives as described in this Agreement ( the `` Grant Award '' ) . WHEREAS , Grant Recipient has interest , experience and ability to hire and manage the position of Homeless Outreach Specialist and manage the allocation of housing assistance incentive funds with the aim of securing permanent housing for homeless individuals and families residing in the City of El Cajon . WHEREAS , the Grant Award shall be in the form of reimbursements from the El Cajon Housing Authority to Grant Recipient , as set forth in this Agreement , with the intent to house a minimum of thirty-five ( 35 ) El Cajon-residing homeless individuals and families . AGREEMENT NOW , THEREFORE , in consideration of the recitals stated above , the mutual covenants set forth below , the Parties agree , promise and declare as follows : ARTICLE I . GRANT PROVISIONS Section 1.1 -The Grant Award . The Grant Award , for the purpose of the Project , as defined in Exhibit `` A , '' `` Scope of Work for Use of El Cajon Homeless Outreach and Flexible Housing Assistance Program Funds , '' in the amount of not to exceed TWO HUNDRED THOUSAND DOLLARS ( $ 200,000.00 ) , is hereby approved by Housing Authority to be provided to the Grant Recipient , according to the terms and conditions set forth below and in Exhibits `` A '' and `` B . '' Section 1.2 -No Partnership or Joint Venture . The relationship between the Housing Authority and Grant Recipient created by this Agreement shall not be one of partnership or joint venture . Section 1.3 -Indemnification . Grant Recipient agrees and promises to protect , defend , indemnify , and hold harmless the Housing Authority of El Cajon , and its respective elected and appointed officials , officers , directors , agents , employees and representatives from any and all Page 1 of 10 liabilities , losses , damages , including , but not limited to , claims for injury or death to any person occurring as a result of the Project , including losses from negative cash flows . It is expressly understood that Grant Recipient is solely and exclusively responsible for any and all management of the Project . Section 1.4 -Term of Agreement . The term of this Agreement , and the services to be provided by the Grant Recipient , shall be for a period of one ( 1 ) year , beginning September 1 , 2020 and ending August 31 , 2021 ( the `` Term '' or `` Grant Period '' ) . Such term may be extended for two ( 2 ) additional one-year periods upon written agreement of both parties to this contract . Section 1.5 -Termination and Termination Costs . ( a ) This Agreement may be terminated in whole or in part at any time by either party upon giving thirty ( 30 ) days written notice to the other party . Agreement must be reached by both parties as to reasons and conditions for termination . The Executive Director is hereby empowered to give said notice subject to ratification by the El Cajon Housing Authority . ( b ) The Housing Authority may immediately terminate this Agreement upon the termination , suspension , discontinuation , or substantial reduction in Low and Moderate Income Housing Asset Funds funding for the Contract activity or if for any reason the timely completion of the work under this Agreement is rendered improbable , infeasible , or impossible . If the Grant Recipient materially fails to comply with any term of this Agreement , the Housing Authority may take one of more of the actions , which includes temporarily withholding cash , disallowing , noncompliance costs , wholly or partially terminating the award , withholding future awards , and other remedies that are legally available . In such event , the Grant Recipient shall be compensated for all services rendered and all necessarily incurred costs performed in good faith in accordance with the terms of this Agreement that have been previously reimbursed , to the date of said termination to the extent that funds are available . Section 1.6 -Conditions to Housing Authority Obligations and Covenants of Grant Recipient . The obligation of the Housing Authority to fund the Grant Award is subject to the following conditions and Grant Recipient agrees covenants to perform , in a timely manner , any and all of the obligations hereinafter set forth in this Agreement . In addition the parties hereby agree to the following specific terms : ( a ) The Housing Authority shall reimburse Grant Recipient for eligible expenditures related to the housing of a minimum of thirty-five ( 35 ) homeless individuals and families . ( b ) The Grant Recipient certifies and agrees that it will at no time provide cash directly to homeless individuals that are participants in this Project . ( c ) Grant Recipient shall only use the Grant Award to assist documented homeless individuals residing in the City of El Cajon at the time of assistance . ( d ) Grant Recipient shall provide a monthly status report as defined in Section 1.9 . Monthly status reports shall be submitted to the Housing Authority no later than the 15th of the month following the end of the previous month . A final report at the conclusion of the Grant Period shall also be provided . ( e ) Grant Recipient represents , warrants and agrees that : ( i ) funds reimbursed by the Housing Authority pursuant to this Agreement are advanced wholly or in part for the benefit of the Grant Recipient for the Project , ( ii ) Grant Recipient is responsible for all obligations created by this Agreement or incurred in the performance of the Project . ( f ) Grant Recipient agrees to and shall use the funds herein solely for and in connection with those purposes set forth in Exhibit `` A '' to this Agreement . ( g ) Grant Recipient shall provide the City/Housing Authority with insurance as referenced on Exhibit `` C '' hereto naming the City of El Cajon and the El Cajon Housing Authority , and their respective elected and appointed officials , officers , directors , and employees , as additional insureds , at the sole cost and expense of the Grant Recipient . Said insurance shall remain in full force and effect during the term of this Agreement . Section 1 . 7 -Grant Recipient 's Representations and Warranties . Grant Recipient represents , warrants and can demonstrate that : ( a ) The Grant Recipient is a validly and lawfully formed nonprofit corporation , is in good standing under California law , whose income is exempt from taxation under section 501 ( c ) ( 3 ) of the Internal Revenue Code , and shall maintain such corporate and tax-exempt status during the entire Grant Period ; ( b ) Execution of this Agreement has been duly authorized by the Grant Recipient and shall not result , with the passage of time or the giving of notice , or both , in breach of , or in acceleration of , performance under any contract or document to which the Grant Recipient may be a party ; ( c ) All approvals have been obtained in connection with

###

","Grantor: City of El Cajon
Grantee: Home Start
Program: Outreach Services
Start: 09/01/20
Stop: 08/31/21
Amount: 200000
Funding Source: LMIHAF"
"I I GRANT AGREEMENT BETWEEN THE CITY OF SANTEE AND HOME START , INC. FOR USE OF COMMUNITY DEVELOPMENT BLOCK GRANT CORONAVIRUS FUNDS FISCAL YEAR 2020-2021 THIS GRANT AGREEMENT ( the `` Agreement '' ) is made and entered into as of this 31st day of December 2020 , by and between the CITY OF SANTEE , a California charter city ( `` City '' ) , and HOME START , INC. , a non-profit organization ( DUNS # 158661678 ) ( `` Subrecipient '' ) . City and Subrecipient are sometimes individually referred to herein as `` Party '' and collectively as `` Parties . '' RECITALS WHEREAS , the City , as a recipient under Title I of the Housing and Community Development Act of 1974 , as amended ( 42 U.S.C . Section 5301 et seq . ) ( the `` Act '' ) , receives an entitlement Community Development Block Grant annually ( `` CDBG funds '' ) from the United States Department of Housing and Urban Development ( `` HUD '' ) ; and WHEREAS , on March 27 , 2020 , the President signed H.R . 748 , known as the Coronavirus , Relief and Economic Security ( `` CARES '' ) Act . The CARES Act provides an additional $ 5 billion of Community Development Block Grant - Coronavirus funds ( `` CDBG-CV funds '' ) to rapidly prepare , prevent , and respond to the coronavirus pandemic ; and WHEREAS , on April 2 , 2020 , HUD notified the City that it had allocated $ 162,104 in CDBG-CV funds to the City . According to HUD , the City `` may use the funds for a range of eligible activities that prevent and respond to the spread of infectious diseases such as the coronavirus ; '' and WHEREAS , on June 10 , 2020 , the Santee City Council authorized an amendment to the Program Year 2019 Plan to provide $ 162,104 in CDBGCV funds to support services to prevent , prepare for , and respond to the impacts of the coronavirus . In addition to the City 's CDBG-CV allocation , Program Year 2019 CDBG funds in the amount of $ 85,389 were made available for use for the same services as CDBG-CV services , as well as administration costs ; and 60838.00000\33521944 . I WHEREAS , on August 4 , 2020 , the City and HUD entered into a Grant Agreement pursuant to the authority of title 1 of the Housing and Community Development Act of 1974 , as amended ( 42 USC 5301 et seq . ) , which also included certain CDBG-CV Requirements ; and WHEREAS , the Subrecipient has submitted a Program Description to the City for a grant of funds for program year 2020/2021 which is dated as November 16 , 2020 , and is incorporated herein by reference as if fully set forth herein ( the `` Subrecipient Application '' ) ; and WHEREAS , the City has approved the Subrecipient Application and now desires to make a grant of CDBG-CV funds to the Subrecipient , pursuant to the terms of this Agreement and all applicable provisions of the Act , to carry out the Project the Subrecipient described in the Subrecipient Application , which is briefly summarized below under the heading `` Grant Amount and Statement of Work '' ; and WHEREAS , according to federal regulations 24 CFR 570.503 , before disbursing any CDBG or CDBG-CV funds to a Subrecipient , a written agreement shall be signed by the Recipient and Subrecipient ; and WHEREAS , the Subrecipient 's participation in the programs funded by the CARES Act complies with all applicable federal laws , regulations and executive orders ; and WHEREAS , prior to the City 's release of CDBG-CV funds to the Subrecipient , the City desires certain assurances as more fully set forth herein ; and NOW , THEREFORE , in consideration of these recitals , which are hereby fully incorporated into this Agreement , and the mutual covenants contained herein , the City and the Subrecipient agree as follows : 1 . GRANT AMOUNT AND STATEMENT OF WORK A Scope of Services Program Delivery The City has allocated CDBG-CV funds to the Subrecipient in the maximum aggregate amount of One Hundred and Sixty-Eight Thousand , Nine-Hundred Seventy-Six Dollars ( $ 168,976 ) ( `` Grant Funds '' ) to be used for eligible program costs associated with pmviding rental assistance payments on behalf of eligible Santee 60838.00000133521944. l 2020-2021 CD BG-CV Subrecipient Contract Home Start , Inc . Page 2 households impacted by the coronavirus pandemic . as further outlined in the Subrecipient Application ( collectively referred to herein as , the `` Services '' ) , and as detailed in Attachment 1 ( the `` Scope of Work '' ) . In addition to costs associated with providing services , eligible program costs include administrative costs such as salaries , wages and related costs of the Subrecipient 's staff for program coordination and implementation and consistent with guidance provided by the U.S. Department of Treasury on the CARES Act to state , local , and tribal governments . General Administration The administrative offices of the Subrecipient are located at 5005 Texas Street , Suite 203 , San Diego , CA 92108 General administration services to be performed by the Subrecipient in support of the services noted above and in the Subrecipient Application include , but are not limited to , the preparation of reports and documents required by HUD in connection with CDBG-CV funds . Eligible administrative costs include salaries , wages and related costs of the Subrecipient 's staff for program coordination and implementation . Budget The Subrecipient may request to draw down on the Grant Funds as outlined in Attachment 1 , unless receipts and appropriate documentation can be provided to , and approved by , the City indicating the need to draw down on funds earlier . National Objectives The Subrecipient certifies that the activities carried out with Grant Funds provided by the City to the Subrecipient under this Agreement will only be used to cover costs to prevent , prepare for , and respond to the coronavirus as set forth in Public Law 116136.The Subrecipient acknowledges that the funds being provided by the City for the Grant Program are distributed pursuant to CARES Act , Public Law-116-136 . The Subrecipient agrees to comply with the requirements of the CARES Act , Public Law 116-136 , and any implementing regulations and programmatic requirements . 6083 8.00000\33521944.J 2020-2021 CDBG-CV Subrecipient Contract Home Start , Inc. Page3 B . Performance Monitoring The City will monitor the performance of the Subrecipient against goals and performance standards required herein or by HUD in connection with CDBG-CV funds . Substandard performance , as determined by the City in its sole discretion , will constitute noncompliance with this Agreement . If action to correct such substandard performance is not taken by the Subrecipient within a reasonable period of time , but no later than 90 days , after being notified by the City , the City may suspend any pending disbursements of Grant Funds or may , in its sole discretion , terminate this Agreement in the manner provided herein . 2 . PERIOD OF PERFORMANCE / TERM OF AGREEMENT The Subrecipient shall commence the Services on the 1 st day of December 2020 , and shall complete all Services to be reimbursed under this Agreement on or before July 30 , 2021 { the `` Period of Performance '' ) . This Agreement shall expire on the date the City remits the last reimbursement payment to the Subrecipient pursuant to this Agreement or on July 30 , 2021 , whichever is later ( the `` Expiration Date '' ) ; provided that the Subrecipient 's obligation t9 comply with the provisions of the Act and the CARES Act shall remain in effect as long as the Subrecipient shall retain any Program Income ( as defined in Paragraph 4 , below ) or as long as any other obligation of the Subrecipient under the Act or the CARES Act remains unfulfilled , at the discretion of HUD or the City . Every effort shall be made by the Subrecipient to expend the allocated funds in their entirety before the conclusion of the Period of Performance . If the Subrecipient does not expend all funds by the end of the Period of Performance , the City will have no further obligation to disburse Grant Funds to the Subrecipient under this Agreement and may reallocate CDBG-CV funds not yet drawn to another eligible project and/or recipient . 3 . DISBURSEMENT OF FUNDS The City shall reimburse the Subrecipient with CDBG-CV funds for administrative and program costs related to the provision of the Services for eligible residents/citizens of the City during the Period of 60838.00000\33521944 . l 2020-2021 CDBG-CV Subrecipient Contract Home Start

###

","Grantor: City of Santee
Grantee: Home Start, Inc
Program: CV - Rental Assistance
Start: 12/31/20
Stop: 07/30/21
Amount: 168976
Funding Source: CDBG-CV"
